time_period,period_type,started_users,completed_users,started_visits,completed_visits,started_instances,completed_instances,game_name
2025-10-13,Day,4,0,4,0,4,0,Shape Circle
2025-10-14,Day,290,0,298,0,336,0,Shape Circle
2025-10-15,Day,770,0,782,0,914,0,Shape Circle
2025-10-16,Day,519,0,535,0,646,0,Shape Circle
2025-10-17,Day,956,0,976,0,1153,0,Shape Circle
2025-10-18,Day,794,0,824,0,974,0,Shape Circle
2025-10-19,Day,422,0,432,0,514,0,Shape Circle
2025-10-20,Day,620,0,638,0,766,0,Shape Circle
2025-10-21,Day,614,0,627,0,764,0,Shape Circle
2025-10-22,Day,695,0,714,0,852,0,Shape Circle
2025-10-23,Day,425,0,435,0,510,0,Shape Circle
2025-10-24,Day,834,0,856,0,1023,0,Shape Circle
2025-10-25,Day,708,0,730,0,884,0,Shape Circle
2025-10-26,Day,356,0,366,0,431,0,Shape Circle
2025-10-27,Day,602,0,614,0,736,0,Shape Circle
Week 1,Week,8251,0,9734,0,14043,0,Shape Circle
Week 2,Week,5485,0,8981,0,13506,0,Shape Circle
Week 3,Week,4959,0,7174,0,10247,0,Shape Circle
Week 4,Week,2907,0,4813,0,11060,0,Shape Circle
Week 5,Week,7552,0,10265,0,14404,0,Shape Circle
Week 6,Week,5197,0,7499,0,10284,0,Shape Circle
Week 7,Week,4578,0,6342,0,8802,0,Shape Circle
Week 8,Week,4110,0,5852,0,8473,0,Shape Circle
Week 9,Week,2874,0,3700,0,5019,0,Shape Circle
Week 10,Week,4036,0,5378,0,6259,0,Shape Circle
Week 11,Week,7596,0,11464,0,13553,0,Shape Circle
Week 12,Week,6895,0,10427,0,12759,0,Shape Circle
Week 13,Week,4603,0,6770,0,8096,0,Shape Circle
Week 14,Week,1173,0,1416,0,1637,0,Shape Circle
Week 15,Week,1322,0,1539,0,1721,0,Shape Circle
Week 16,Week,3385,0,4814,0,5731,0,Shape Circle
Week 17,Week,2723,0,3715,0,4436,0,Shape Circle
July 2025,Month,17639,0,33359,0,52877,0,Shape Circle
August 2025,Month,16472,0,29820,0,41415,0,Shape Circle
September 2025,Month,16346,0,35220,0,42213,0,Shape Circle
October 2025,Month,6705,0,11484,0,13525,0,Shape Circle
2025-10-14,Day,138,105,142,107,155,116,Color Red
2025-10-15,Day,399,320,407,322,465,348,Color Red
2025-10-16,Day,283,225,288,226,331,249,Color Red
2025-10-17,Day,460,364,462,364,507,387,Color Red
2025-10-18,Day,370,306,375,308,429,343,Color Red
2025-10-19,Day,197,159,199,160,228,178,Color Red
2025-10-20,Day,268,206,278,211,311,231,Color Red
2025-10-21,Day,258,201,261,202,285,218,Color Red
2025-10-22,Day,339,263,343,264,389,285,Color Red
2025-10-23,Day,190,155,191,155,223,171,Color Red
2025-10-24,Day,341,285,346,285,386,303,Color Red
2025-10-25,Day,298,236,300,237,338,260,Color Red
2025-10-26,Day,191,152,192,152,218,165,Color Red
2025-10-27,Day,247,208,249,209,297,241,Color Red
Week 1,Week,10545,5199,10470,5728,12989,6925,Color Red
Week 2,Week,3713,3032,5090,4027,6553,4893,Color Red
Week 3,Week,2917,2485,4060,3317,5065,4003,Color Red
Week 4,Week,1811,1431,2965,2323,5868,4432,Color Red
Week 5,Week,4496,3787,5730,4639,7108,5456,Color Red
Week 6,Week,3013,2519,4004,3201,4977,3756,Color Red
Week 7,Week,3278,2788,4325,3526,5297,4122,Color Red
Week 8,Week,2805,2364,3727,3003,4749,3643,Color Red
Week 9,Week,1906,1595,2374,1936,2914,2278,Color Red
Week 10,Week,1826,1496,2131,1695,2397,1823,Color Red
Week 11,Week,3840,3192,4845,3908,5425,4198,Color Red
Week 12,Week,3433,2890,4465,3595,5079,3935,Color Red
Week 13,Week,2215,1845,2781,2214,3152,2408,Color Red
Week 14,Week,566,437,645,482,727,525,Color Red
Week 15,Week,697,542,792,591,856,618,Color Red
Week 16,Week,1840,1483,2270,1793,2556,1954,Color Red
Week 17,Week,1359,1105,1621,1302,1851,1425,Color Red
July 2025,Month,17317,10802,24137,16654,32474,21777,Color Red
August 2025,Month,11044,9569,17854,14426,22138,17009,Color Red
September 2025,Month,9322,7923,14976,12032,16961,13086,Color Red
October 2025,Month,3777,3071,5328,4168,5990,4522,Color Red
2025-10-13,Day,1,2,1,2,1,2,Color Yellow
2025-10-14,Day,41,36,41,36,45,37,Color Yellow
2025-10-15,Day,92,72,93,72,99,78,Color Yellow
2025-10-16,Day,69,52,69,52,76,55,Color Yellow
2025-10-17,Day,85,69,85,69,94,72,Color Yellow
2025-10-18,Day,73,54,74,54,81,58,Color Yellow
2025-10-19,Day,40,34,40,34,44,37,Color Yellow
2025-10-20,Day,59,41,59,41,63,42,Color Yellow
2025-10-21,Day,55,45,56,45,61,49,Color Yellow
2025-10-22,Day,61,49,61,49,63,50,Color Yellow
2025-10-23,Day,59,44,59,44,62,45,Color Yellow
2025-10-24,Day,73,57,73,57,78,59,Color Yellow
2025-10-25,Day,63,46,63,46,70,48,Color Yellow
2025-10-26,Day,40,25,40,25,43,28,Color Yellow
2025-10-27,Day,43,34,43,34,43,34,Color Yellow
Week 1,Week,1078,867,1401,1062,1909,1388,Color Yellow
Week 2,Week,9617,5801,11570,7340,14060,8536,Color Yellow
Week 3,Week,1869,1365,2227,1641,2530,1798,Color Yellow
Week 4,Week,749,568,1300,991,2240,1684,Color Yellow
Week 5,Week,1952,1625,2310,1874,2594,2013,Color Yellow
Week 6,Week,1387,1178,1718,1412,1941,1534,Color Yellow
Week 7,Week,1201,999,1474,1192,1647,1288,Color Yellow
Week 8,Week,1116,936,1403,1147,1553,1239,Color Yellow
Week 9,Week,684,561,807,646,878,681,Color Yellow
Week 10,Week,332,259,350,270,380,286,Color Yellow
Week 11,Week,844,692,924,745,996,795,Color Yellow
Week 12,Week,951,798,1078,883,1190,945,Color Yellow
Week 13,Week,559,447,620,489,687,523,Color Yellow
Week 14,Week,201,139,219,150,234,159,Color Yellow
Week 15,Week,230,187,248,198,275,214,Color Yellow
Week 16,Week,435,349,476,367,518,391,Color Yellow
Week 17,Week,310,237,339,255,359,264,Color Yellow
July 2025,Month,12300,7893,17151,11561,21479,13983,Color Yellow
August 2025,Month,4781,4065,6788,5531,7584,5956,Color Yellow
September 2025,Month,2630,2168,3243,2600,3542,2771,Color Yellow
October 2025,Month,1078,846,1282,970,1386,1028,Color Yellow
2025-10-14,Day,65,42,66,42,70,45,Shape Triangle
2025-10-15,Day,109,89,110,89,121,95,Shape Triangle
2025-10-16,Day,113,88,114,89,118,92,Shape Triangle
2025-10-17,Day,131,110,131,110,142,115,Shape Triangle
2025-10-18,Day,110,90,111,90,119,96,Shape Triangle
2025-10-19,Day,71,54,72,54,81,59,Shape Triangle
2025-10-20,Day,81,58,81,58,87,63,Shape Triangle
2025-10-21,Day,81,64,81,64,87,66,Shape Triangle
2025-10-22,Day,107,83,107,83,113,87,Shape Triangle
2025-10-23,Day,68,53,68,53,70,55,Shape Triangle
2025-10-24,Day,91,80,93,80,96,82,Shape Triangle
2025-10-25,Day,93,81,94,81,104,85,Shape Triangle
2025-10-26,Day,53,41,53,41,55,42,Shape Triangle
2025-10-27,Day,76,67,77,67,81,68,Shape Triangle
Week 1,Week,1846,1589,2461,2051,3433,2723,Shape Triangle
Week 2,Week,11300,5867,12307,6924,14434,7818,Shape Triangle
Week 3,Week,1841,1518,2388,1909,2718,2096,Shape Triangle
Week 4,Week,1096,832,1819,1407,3393,2494,Shape Triangle
Week 5,Week,2858,2357,3483,2797,3956,3030,Shape Triangle
Week 6,Week,1835,1524,2269,1834,2546,1987,Shape Triangle
Week 7,Week,1774,1491,2223,1821,2477,1967,Shape Triangle
Week 8,Week,1574,1323,1991,1600,2254,1741,Shape Triangle
Week 9,Week,964,788,1114,899,1232,970,Shape Triangle
Week 10,Week,589,461,639,494,699,524,Shape Triangle
Week 11,Week,1396,1104,1529,1183,1655,1250,Shape Triangle
Week 12,Week,1488,1243,1673,1350,1820,1435,Shape Triangle
Week 13,Week,879,700,977,766,1068,810,Shape Triangle
Week 14,Week,268,209,292,224,317,235,Shape Triangle
Week 15,Week,280,210,316,226,336,234,Shape Triangle
Week 16,Week,657,529,700,554,755,586,Shape Triangle
Week 17,Week,469,389,492,405,519,419,Shape Triangle
July 2025,Month,14970,8994,20010,13136,25184,16054,Shape Triangle
August 2025,Month,6706,5676,9681,7813,10853,8457,Shape Triangle
September 2025,Month,4125,3375,5182,4086,5648,4334,Shape Triangle
October 2025,Month,1527,1226,1800,1409,1927,1474,Shape Triangle
2025-10-13,Day,4,3,4,3,5,3,Quantity Comparison
2025-10-14,Day,60,48,60,48,67,51,Quantity Comparison
2025-10-15,Day,74,51,74,51,79,52,Quantity Comparison
2025-10-16,Day,34,30,35,31,39,31,Quantity Comparison
2025-10-17,Day,54,44,54,44,60,44,Quantity Comparison
2025-10-18,Day,71,52,71,52,78,57,Quantity Comparison
2025-10-19,Day,45,37,45,37,49,40,Quantity Comparison
2025-10-20,Day,57,46,57,47,68,55,Quantity Comparison
2025-10-21,Day,33,26,33,26,36,27,Quantity Comparison
2025-10-22,Day,48,40,49,40,51,40,Quantity Comparison
2025-10-23,Day,37,29,37,29,41,30,Quantity Comparison
2025-10-24,Day,49,36,48,35,51,36,Quantity Comparison
2025-10-25,Day,51,39,51,39,58,44,Quantity Comparison
2025-10-26,Day,33,28,33,28,37,30,Quantity Comparison
2025-10-27,Day,41,34,41,34,45,38,Quantity Comparison
Week 1,Week,4,2,4,2,6,3,Quantity Comparison
Week 2,Week,18,9,20,9,28,10,Quantity Comparison
Week 3,Week,119,88,170,126,221,156,Quantity Comparison
Week 4,Week,12926,7928,17870,10282,25306,13119,Quantity Comparison
Week 5,Week,4083,2571,4780,2948,5731,3168,Quantity Comparison
Week 6,Week,1197,907,1401,1038,1605,1143,Quantity Comparison
Week 7,Week,926,782,1095,913,1224,995,Quantity Comparison
Week 8,Week,730,580,869,688,958,738,Quantity Comparison
Week 9,Week,442,363,499,401,560,441,Quantity Comparison
Week 10,Week,234,183,249,192,265,198,Quantity Comparison
Week 11,Week,494,396,527,411,574,437,Quantity Comparison
Week 12,Week,9566,6541,10350,6946,11770,7137,Quantity Comparison
Week 13,Week,567,436,612,466,700,504,Quantity Comparison
Week 14,Week,293,230,311,239,355,262,Quantity Comparison
Week 15,Week,324,252,345,264,384,276,Quantity Comparison
Week 16,Week,340,266,369,288,409,306,Quantity Comparison
Week 17,Week,238,195,259,205,283,218,Quantity Comparison
July 2025,Month,14632,9076,20908,12054,29103,15069,Quantity Comparison
August 2025,Month,4421,3372,5648,4233,6364,4573,Quantity Comparison
September 2025,Month,10666,7443,11890,8135,13481,8407,Quantity Comparison
October 2025,Month,1093,870,1284,996,1431,1062,Quantity Comparison
2025-10-14,Day,41,29,41,29,47,30,Relational Comparison
2025-10-15,Day,43,35,43,35,49,39,Relational Comparison
2025-10-16,Day,42,31,42,31,45,34,Relational Comparison
2025-10-17,Day,35,27,37,27,39,27,Relational Comparison
2025-10-18,Day,43,31,44,32,49,33,Relational Comparison
2025-10-19,Day,32,29,32,29,36,32,Relational Comparison
2025-10-20,Day,29,24,29,24,34,27,Relational Comparison
2025-10-21,Day,30,26,31,27,33,29,Relational Comparison
2025-10-22,Day,23,17,23,17,23,17,Relational Comparison
2025-10-23,Day,40,34,40,34,46,37,Relational Comparison
2025-10-24,Day,37,31,37,31,43,36,Relational Comparison
2025-10-25,Day,39,30,39,30,41,30,Relational Comparison
2025-10-26,Day,23,17,23,17,25,19,Relational Comparison
2025-10-27,Day,25,21,25,21,28,22,Relational Comparison
Week 2,Week,22,12,25,14,38,19,Relational Comparison
Week 3,Week,141,106,210,158,271,193,Relational Comparison
Week 4,Week,13765,8029,18882,10200,27721,12973,Relational Comparison
Week 5,Week,1634,1261,1915,1455,2198,1618,Relational Comparison
Week 6,Week,1030,879,1247,1039,1461,1165,Relational Comparison
Week 7,Week,882,745,1024,848,1166,938,Relational Comparison
Week 8,Week,715,593,845,698,967,761,Relational Comparison
Week 9,Week,423,349,506,404,571,435,Relational Comparison
Week 10,Week,174,132,182,140,205,148,Relational Comparison
Week 11,Week,443,371,486,401,551,434,Relational Comparison
Week 12,Week,579,482,636,519,686,545,Relational Comparison
Week 13,Week,415,335,459,368,518,394,Relational Comparison
Week 14,Week,173,134,185,140,209,154,Relational Comparison
Week 15,Week,200,160,217,168,247,181,Relational Comparison
Week 16,Week,233,186,258,205,285,221,Relational Comparison
Week 17,Week,181,145,187,150,206,161,Relational Comparison
July 2025,Month,14259,8428,19819,10862,28852,13738,Relational Comparison
August 2025,Month,3520,2968,4665,3822,5343,4218,Relational Comparison
September 2025,Month,1624,1330,1933,1560,2158,1667,Relational Comparison
October 2025,Month,730,580,847,663,947,717,Relational Comparison
2025-08-19,Day,7,7,7,7,7,7,Numeracy I
2025-08-20,Day,311,260,319,267,361,295,Numeracy I
2025-08-21,Day,201,169,214,182,249,206,Numeracy I
2025-08-22,Day,255,226,266,236,305,262,Numeracy I
2025-08-23,Day,369,310,380,317,444,352,Numeracy I
2025-08-24,Day,247,205,266,217,313,245,Numeracy I
2025-08-25,Day,147,124,153,126,179,140,Numeracy I
2025-08-26,Day,92,78,96,81,117,95,Numeracy I
2025-08-27,Day,205,167,212,173,240,188,Numeracy I
2025-08-28,Day,178,143,181,146,213,164,Numeracy I
2025-08-29,Day,171,146,177,150,197,162,Numeracy I
2025-08-30,Day,146,132,149,134,172,152,Numeracy I
2025-08-31,Day,101,85,108,89,126,102,Numeracy I
2025-09-01,Day,215,190,222,196,251,212,Numeracy I
2025-09-02,Day,136,116,138,117,151,126,Numeracy I
Week 3,Week,13537,8461,17775,10855,22473,12295,Numeracy I
Week 4,Week,1318,1003,2070,1604,3579,2697,Numeracy I
Week 5,Week,2741,2368,3301,2797,3841,3132,Numeracy I
Week 6,Week,2001,1741,2568,2168,2993,2432,Numeracy I
Week 7,Week,1826,1609,2312,1974,2617,2170,Numeracy I
Week 8,Week,1339,1163,1694,1426,1968,1595,Numeracy I
Week 9,Week,964,831,1187,1005,1350,1106,Numeracy I
July 2025,Month,14896,9615,20861,13322,27224,15958,Numeracy I
August 2025,Month,6568,5824,9686,8194,11195,9131,Numeracy I
September 2025,Month,335,292,360,313,402,338,Numeracy I
2025-08-19,Day,10,10,10,10,11,11,Numeracy II
2025-08-20,Day,276,231,280,235,314,253,Numeracy II
2025-08-21,Day,176,147,177,149,199,162,Numeracy II
2025-08-22,Day,222,176,229,184,253,193,Numeracy II
2025-08-23,Day,285,229,292,237,330,256,Numeracy II
2025-08-24,Day,195,162,213,173,242,182,Numeracy II
2025-08-25,Day,117,94,120,96,139,103,Numeracy II
2025-08-26,Day,88,62,89,63,97,67,Numeracy II
2025-08-27,Day,130,106,132,108,146,116,Numeracy II
2025-08-28,Day,144,117,146,117,160,126,Numeracy II
2025-08-29,Day,111,89,114,90,129,101,Numeracy II
2025-08-30,Day,104,86,104,86,112,90,Numeracy II
2025-08-31,Day,82,60,85,62,97,69,Numeracy II
2025-09-01,Day,148,128,151,131,167,144,Numeracy II
2025-09-02,Day,112,84,116,87,132,96,Numeracy II
Week 3,Week,11315,6698,13472,7916,16613,9030,Numeracy II
Week 4,Week,3759,1957,5011,2683,6951,3553,Numeracy II
Week 5,Week,2083,1600,2487,1874,2885,2066,Numeracy II
Week 6,Week,1449,1133,1751,1353,1986,1474,Numeracy II
Week 7,Week,1298,1071,1578,1277,1775,1381,Numeracy II
Week 8,Week,1163,957,1400,1137,1574,1216,Numeracy II
Week 9,Week,722,593,848,681,943,742,Numeracy II
July 2025,Month,14658,8551,19300,11197,24501,13246,Numeracy II
August 2025,Month,5067,4062,6980,5506,7927,5976,Numeracy II
September 2025,Month,251,205,267,218,299,240,Numeracy II
2025-08-19,Day,4,3,4,3,5,4,Color Blue
2025-08-20,Day,187,154,192,158,209,169,Color Blue
2025-08-21,Day,131,102,136,105,152,116,Color Blue
2025-08-22,Day,150,127,155,130,168,137,Color Blue
2025-08-23,Day,194,160,201,166,229,181,Color Blue
2025-08-24,Day,155,124,159,127,176,137,Color Blue
2025-08-25,Day,71,57,72,58,80,65,Color Blue
2025-08-26,Day,51,41,53,41,68,51,Color Blue
2025-08-27,Day,102,85,107,88,120,93,Color Blue
2025-08-28,Day,113,95,114,95,123,98,Color Blue
2025-08-29,Day,84,68,87,70,94,76,Color Blue
2025-08-30,Day,74,56,75,56,88,67,Color Blue
2025-08-31,Day,62,51,66,53,71,56,Color Blue
2025-09-01,Day,91,67,92,67,102,73,Color Blue
2025-09-02,Day,78,65,81,65,89,69,Color Blue
Week 4,Week,859,719,1237,1019,1961,1535,Color Blue
Week 5,Week,11050,7933,12207,8807,14655,9448,Color Blue
Week 6,Week,1111,889,1307,1032,1467,1137,Color Blue
Week 7,Week,883,729,1081,881,1204,950,Color Blue
Week 8,Week,791,666,968,785,1082,856,Color Blue
Week 9,Week,517,427,622,494,687,532,Color Blue
July 2025,Month,6261,4778,7137,5461,9241,6301,Color Blue
August 2025,Month,8377,6114,10112,7425,11624,8015,Color Blue
September 2025,Month,166,130,173,132,191,142,Color Blue
2025-08-19,Day,20,19,20,19,21,20,Shape Square
2025-08-20,Day,191,134,190,135,207,139,Shape Square
2025-08-21,Day,119,83,124,87,139,92,Shape Square
2025-08-22,Day,119,102,126,106,137,113,Shape Square
2025-08-23,Day,138,106,140,109,157,118,Shape Square
2025-08-24,Day,119,89,119,91,131,98,Shape Square
2025-08-25,Day,73,62,77,63,81,66,Shape Square
2025-08-26,Day,39,29,41,30,48,34,Shape Square
2025-08-27,Day,74,62,76,64,78,65,Shape Square
2025-08-28,Day,49,39,53,43,57,46,Shape Square
2025-08-29,Day,49,38,49,38,51,39,Shape Square
2025-08-30,Day,51,31,51,33,56,34,Shape Square
2025-08-31,Day,42,32,43,33,43,33,Shape Square
2025-09-01,Day,57,44,57,44,63,48,Shape Square
2025-09-02,Day,51,40,52,41,56,41,Shape Square
Week 4,Week,670,495,995,725,1508,1060,Shape Square
Week 5,Week,12843,8010,13271,8859,15793,9648,Shape Square
Week 6,Week,2444,1525,2542,1632,2867,1717,Shape Square
Week 7,Week,903,717,1037,811,1119,847,Shape Square
Week 8,Week,717,551,817,621,900,660,Shape Square
Week 9,Week,337,263,381,296,404,306,Shape Square
July 2025,Month,1379,1102,1996,1529,2797,2057,Shape Square
August 2025,Month,15816,10032,16938,11330,19675,12092,Shape Square
September 2025,Month,103,82,109,85,119,89,Shape Square
2025-10-13,Day,4,3,4,3,4,3,Revision Primary Colors
2025-10-14,Day,59,46,66,47,100,55,Revision Primary Colors
2025-10-15,Day,72,45,75,46,102,50,Revision Primary Colors
2025-10-16,Day,42,26,44,26,49,28,Revision Primary Colors
2025-10-17,Day,57,42,58,43,67,48,Revision Primary Colors
2025-10-18,Day,31,29,32,30,42,34,Revision Primary Colors
2025-10-19,Day,36,30,38,30,47,36,Revision Primary Colors
2025-10-20,Day,27,23,28,23,33,25,Revision Primary Colors
2025-10-21,Day,31,21,32,21,34,22,Revision Primary Colors
2025-10-22,Day,36,28,36,28,43,32,Revision Primary Colors
2025-10-23,Day,30,24,30,24,37,29,Revision Primary Colors
2025-10-24,Day,33,24,34,25,41,28,Revision Primary Colors
2025-10-25,Day,22,19,23,20,26,20,Revision Primary Colors
2025-10-26,Day,22,14,22,14,24,16,Revision Primary Colors
2025-10-27,Day,39,30,39,30,42,32,Revision Primary Colors
Week 5,Week,16,8,14,8,21,8,Revision Primary Colors
Week 6,Week,12370,7805,13500,8594,15882,9058,Revision Primary Colors
Week 7,Week,1528,899,1712,999,1934,1053,Revision Primary Colors
Week 8,Week,639,430,749,505,831,540,Revision Primary Colors
Week 9,Week,309,218,373,259,419,278,Revision Primary Colors
Week 10,Week,205,134,222,137,246,143,Revision Primary Colors
Week 11,Week,299,208,333,222,374,231,Revision Primary Colors
Week 12,Week,318,245,356,269,408,291,Revision Primary Colors
Week 13,Week,351,265,392,293,443,313,Revision Primary Colors
Week 14,Week,256,183,296,206,330,226,Revision Primary Colors
Week 15,Week,338,259,401,291,488,320,Revision Primary Colors
Week 16,Week,257,193,307,219,374,243,Revision Primary Colors
Week 17,Week,167,131,184,141,213,157,Revision Primary Colors
August 2025,Month,14219,8934,16237,10286,18958,10848,Revision Primary Colors
September 2025,Month,1182,869,1414,1000,1600,1067,Revision Primary Colors
October 2025,Month,890,683,1188,857,1405,946,Revision Primary Colors
2025-10-13,Day,0,1,0,1,0,1,Revision Primary Shapes
2025-10-14,Day,31,21,33,21,35,23,Revision Primary Shapes
2025-10-15,Day,40,33,41,34,45,37,Revision Primary Shapes
2025-10-16,Day,26,18,27,18,29,19,Revision Primary Shapes
2025-10-17,Day,30,24,30,24,34,27,Revision Primary Shapes
2025-10-18,Day,24,20,25,20,30,23,Revision Primary Shapes
2025-10-19,Day,28,19,29,19,34,22,Revision Primary Shapes
2025-10-20,Day,20,17,20,17,22,18,Revision Primary Shapes
2025-10-21,Day,22,15,22,15,25,16,Revision Primary Shapes
2025-10-22,Day,18,12,18,12,19,12,Revision Primary Shapes
2025-10-23,Day,18,15,18,15,21,18,Revision Primary Shapes
2025-10-24,Day,23,16,23,16,25,17,Revision Primary Shapes
2025-10-25,Day,13,12,14,12,15,12,Revision Primary Shapes
2025-10-26,Day,13,9,13,9,15,10,Revision Primary Shapes
2025-10-27,Day,18,14,18,14,20,14,Revision Primary Shapes
Week 5,Week,6,3,4,2,6,3,Revision Primary Shapes
Week 6,Week,7022,4705,8210,5469,9768,6055,Revision Primary Shapes
Week 7,Week,1274,890,1462,1009,1669,1093,Revision Primary Shapes
Week 8,Week,402,312,482,367,539,399,Revision Primary Shapes
Week 9,Week,238,201,270,222,291,238,Revision Primary Shapes
Week 10,Week,98,82,100,84,109,88,Revision Primary Shapes
Week 11,Week,187,152,201,164,213,171,Revision Primary Shapes
Week 12,Week,224,178,247,192,266,203,Revision Primary Shapes
Week 13,Week,411,328,452,362,520,393,Revision Primary Shapes
Week 14,Week,213,174,232,182,269,208,Revision Primary Shapes
Week 15,Week,234,179,262,197,292,211,Revision Primary Shapes
Week 16,Week,172,138,194,147,219,162,Revision Primary Shapes
Week 17,Week,96,73,104,78,115,83,Revision Primary Shapes
August 2025,Month,8311,5678,10347,6998,12183,7709,Revision Primary Shapes
September 2025,Month,934,765,1081,873,1198,934,Revision Primary Shapes
October 2025,Month,663,526,792,604,895,664,Revision Primary Shapes
2025-10-13,Day,2,2,2,2,2,2,Rhyming Words Hindi
2025-10-14,Day,29,18,29,18,30,18,Rhyming Words Hindi
2025-10-15,Day,32,21,32,21,37,22,Rhyming Words Hindi
2025-10-16,Day,22,15,22,15,25,17,Rhyming Words Hindi
2025-10-17,Day,32,22,32,22,34,23,Rhyming Words Hindi
2025-10-18,Day,22,18,22,18,23,18,Rhyming Words Hindi
2025-10-19,Day,13,10,13,10,14,11,Rhyming Words Hindi
2025-10-20,Day,18,16,18,16,20,16,Rhyming Words Hindi
2025-10-21,Day,30,18,30,18,34,20,Rhyming Words Hindi
2025-10-22,Day,24,16,24,16,26,17,Rhyming Words Hindi
2025-10-23,Day,25,20,26,21,31,21,Rhyming Words Hindi
2025-10-24,Day,23,17,23,17,26,18,Rhyming Words Hindi
2025-10-25,Day,24,15,24,15,24,15,Rhyming Words Hindi
2025-10-26,Day,15,10,15,10,18,13,Rhyming Words Hindi
2025-10-27,Day,22,12,23,12,24,13,Rhyming Words Hindi
Week 6,Week,10,7,10,7,11,7,Rhyming Words Hindi
Week 7,Week,4642,2598,5232,2907,6536,3179,Rhyming Words Hindi
Week 8,Week,482,363,556,417,627,453,Rhyming Words Hindi
Week 9,Week,367,290,438,338,486,369,Rhyming Words Hindi
Week 10,Week,135,107,145,114,159,121,Rhyming Words Hindi
Week 11,Week,234,180,249,189,271,200,Rhyming Words Hindi
Week 12,Week,261,211,297,238,339,266,Rhyming Words Hindi
Week 13,Week,3899,2176,4555,2542,5655,2914,Rhyming Words Hindi
Week 14,Week,706,369,762,394,922,447,Rhyming Words Hindi
Week 15,Week,178,126,188,132,200,139,Rhyming Words Hindi
Week 16,Week,159,113,169,120,187,127,Rhyming Words Hindi
Week 17,Week,128,88,135,91,149,97,Rhyming Words Hindi
August 2025,Month,5141,2996,6099,3557,7505,3884,Rhyming Words Hindi
September 2025,Month,4375,2573,5383,3195,6579,3625,Rhyming Words Hindi
October 2025,Month,1094,648,1254,737,1458,810,Rhyming Words Hindi
2025-10-14,Day,54,32,54,32,60,35,Rhyming Words Marathi
2025-10-15,Day,60,40,61,40,69,45,Rhyming Words Marathi
2025-10-16,Day,44,24,44,24,51,29,Rhyming Words Marathi
2025-10-17,Day,46,31,46,31,52,32,Rhyming Words Marathi
2025-10-18,Day,31,23,30,23,33,25,Rhyming Words Marathi
2025-10-19,Day,38,24,38,24,46,28,Rhyming Words Marathi
2025-10-20,Day,26,19,26,19,29,20,Rhyming Words Marathi
2025-10-21,Day,29,21,29,21,31,22,Rhyming Words Marathi
2025-10-22,Day,44,31,44,31,49,35,Rhyming Words Marathi
2025-10-23,Day,33,22,33,22,37,22,Rhyming Words Marathi
2025-10-24,Day,31,17,31,17,32,18,Rhyming Words Marathi
2025-10-25,Day,37,24,38,24,43,24,Rhyming Words Marathi
2025-10-26,Day,28,16,28,16,29,16,Rhyming Words Marathi
2025-10-27,Day,30,22,30,22,32,23,Rhyming Words Marathi
Week 6,Week,8,2,7,2,12,2,Rhyming Words Marathi
Week 7,Week,8471,4324,9836,5040,12849,5608,Rhyming Words Marathi
Week 8,Week,873,669,1043,776,1255,876,Rhyming Words Marathi
Week 9,Week,344,259,394,297,453,331,Rhyming Words Marathi
Week 10,Week,209,153,218,156,237,165,Rhyming Words Marathi
Week 11,Week,441,347,468,366,503,385,Rhyming Words Marathi
Week 12,Week,499,386,546,413,602,437,Rhyming Words Marathi
Week 13,Week,6012,2959,6849,3291,8665,3521,Rhyming Words Marathi
Week 14,Week,1256,577,1366,622,1631,695,Rhyming Words Marathi
Week 15,Week,351,224,374,233,424,250,Rhyming Words Marathi
Week 16,Week,257,175,274,182,311,201,Rhyming Words Marathi
Week 17,Week,194,125,204,132,222,138,Rhyming Words Marathi
August 2025,Month,9177,4899,11156,6023,14426,6714,Rhyming Words Marathi
September 2025,Month,6945,3717,8205,4318,10150,4611,Rhyming Words Marathi
October 2025,Month,1941,1037,2218,1169,2588,1284,Rhyming Words Marathi
2025-08-20,Day,1678,954,1762,996,2129,1067,Relational Comparison II
2025-08-21,Day,657,374,692,387,843,409,Relational Comparison II
2025-08-22,Day,496,281,510,292,591,308,Relational Comparison II
2025-08-23,Day,415,226,426,230,504,240,Relational Comparison II
2025-08-24,Day,287,186,299,193,338,205,Relational Comparison II
2025-08-25,Day,215,132,218,133,253,144,Relational Comparison II
2025-08-26,Day,143,85,150,87,180,93,Relational Comparison II
2025-08-27,Day,150,87,158,89,172,94,Relational Comparison II
2025-08-28,Day,125,71,130,73,153,79,Relational Comparison II
2025-08-29,Day,124,74,125,75,138,75,Relational Comparison II
2025-08-30,Day,112,71,114,74,136,81,Relational Comparison II
2025-08-31,Day,83,51,87,56,106,61,Relational Comparison II
2025-09-01,Day,99,63,105,69,132,79,Relational Comparison II
2025-09-02,Day,121,69,127,71,148,76,Relational Comparison II
2025-09-03,Day,2,2,2,2,4,4,Relational Comparison II
Week 7,Week,12565,7717,15882,9307,19381,9815,Relational Comparison II
Week 8,Week,3406,1985,4071,2327,4854,2475,Relational Comparison II
Week 9,Week,709,422,846,507,985,545,Relational Comparison II
Week 10,Week,2,2,2,2,4,4,Relational Comparison II
August 2025,Month,15084,9306,20567,12001,24940,12680,Relational Comparison II
September 2025,Month,210,129,234,142,284,159,Relational Comparison II
2025-10-13,Day,12,8,11,8,12,8,Number Comparison
2025-10-14,Day,165,107,164,107,196,120,Number Comparison
2025-10-15,Day,138,84,138,85,171,96,Number Comparison
2025-10-16,Day,73,40,73,40,84,43,Number Comparison
2025-10-17,Day,49,25,49,25,55,26,Number Comparison
2025-10-18,Day,37,25,37,25,43,26,Number Comparison
2025-10-19,Day,25,21,25,21,28,21,Number Comparison
2025-10-20,Day,23,19,22,19,27,21,Number Comparison
2025-10-21,Day,22,18,22,18,31,23,Number Comparison
2025-10-22,Day,38,27,37,28,41,29,Number Comparison
2025-10-23,Day,15,14,15,14,15,14,Number Comparison
2025-10-24,Day,26,20,26,20,26,20,Number Comparison
2025-10-25,Day,25,20,25,20,31,21,Number Comparison
2025-10-26,Day,15,11,15,11,16,12,Number Comparison
2025-10-27,Day,28,23,32,23,36,27,Number Comparison
Week 7,Week,562,452,623,487,763,572,Number Comparison
Week 8,Week,11501,7073,12976,7826,15252,8268,Number Comparison
Week 9,Week,564,398,628,446,695,464,Number Comparison
Week 10,Week,163,124,171,130,188,133,Number Comparison
Week 11,Week,251,195,267,205,281,211,Number Comparison
Week 12,Week,310,253,336,266,361,277,Number Comparison
Week 13,Week,416,338,444,358,482,380,Number Comparison
Week 14,Week,271,208,291,221,318,238,Number Comparison
Week 15,Week,9499,5927,10968,6775,13274,7538,Number Comparison
Week 16,Week,348,216,366,233,439,256,Number Comparison
Week 17,Week,138,108,150,116,165,123,Number Comparison
August 2025,Month,12078,7537,14085,8651,16551,9191,Number Comparison
September 2025,Month,1198,961,1360,1067,1471,1114,Number Comparison
October 2025,Month,10016,6302,11775,7345,14196,8155,Number Comparison
2025-10-14,Day,16,13,16,13,17,14,Beginning Sound Ma Ka La Hindi
2025-10-15,Day,17,13,17,13,17,13,Beginning Sound Ma Ka La Hindi
2025-10-16,Day,14,11,14,11,16,12,Beginning Sound Ma Ka La Hindi
2025-10-17,Day,14,11,14,11,14,11,Beginning Sound Ma Ka La Hindi
2025-10-18,Day,18,17,18,17,21,17,Beginning Sound Ma Ka La Hindi
2025-10-19,Day,9,8,9,8,9,8,Beginning Sound Ma Ka La Hindi
2025-10-20,Day,10,8,10,8,12,9,Beginning Sound Ma Ka La Hindi
2025-10-21,Day,17,12,17,12,19,12,Beginning Sound Ma Ka La Hindi
2025-10-22,Day,15,12,15,12,15,12,Beginning Sound Ma Ka La Hindi
2025-10-23,Day,7,6,7,6,7,6,Beginning Sound Ma Ka La Hindi
2025-10-24,Day,17,12,17,12,19,12,Beginning Sound Ma Ka La Hindi
2025-10-25,Day,9,7,9,7,10,7,Beginning Sound Ma Ka La Hindi
2025-10-26,Day,4,2,4,2,4,2,Beginning Sound Ma Ka La Hindi
2025-10-27,Day,13,8,13,8,14,8,Beginning Sound Ma Ka La Hindi
Week 8,Week,2853,1845,3069,1988,3520,2125,Beginning Sound Ma Ka La Hindi
Week 9,Week,511,361,588,417,643,441,Beginning Sound Ma Ka La Hindi
Week 10,Week,118,96,121,99,131,101,Beginning Sound Ma Ka La Hindi
Week 11,Week,244,198,267,215,292,229,Beginning Sound Ma Ka La Hindi
Week 12,Week,137,116,147,123,161,130,Beginning Sound Ma Ka La Hindi
Week 13,Week,174,132,187,139,206,152,Beginning Sound Ma Ka La Hindi
Week 14,Week,78,59,81,61,88,65,Beginning Sound Ma Ka La Hindi
Week 15,Week,431,369,471,395,514,417,Beginning Sound Ma Ka La Hindi
Week 16,Week,97,79,99,80,108,82,Beginning Sound Ma Ka La Hindi
Week 17,Week,62,46,65,47,69,47,Beginning Sound Ma Ka La Hindi
August 2025,Month,3148,2050,3518,2300,4013,2455,Beginning Sound Ma Ka La Hindi
September 2025,Month,726,580,861,681,940,723,Beginning Sound Ma Ka La Hindi
October 2025,Month,627,523,716,583,779,611,Beginning Sound Ma Ka La Hindi
2025-10-14,Day,54,46,54,46,59,48,Beginning Sound Ma Ka La Marathi
2025-10-15,Day,34,24,35,24,37,24,Beginning Sound Ma Ka La Marathi
2025-10-16,Day,11,9,11,9,13,11,Beginning Sound Ma Ka La Marathi
2025-10-17,Day,24,20,24,20,26,22,Beginning Sound Ma Ka La Marathi
2025-10-18,Day,16,14,16,14,19,14,Beginning Sound Ma Ka La Marathi
2025-10-19,Day,10,8,10,8,10,8,Beginning Sound Ma Ka La Marathi
2025-10-20,Day,21,13,21,13,23,15,Beginning Sound Ma Ka La Marathi
2025-10-21,Day,13,9,14,9,16,9,Beginning Sound Ma Ka La Marathi
2025-10-22,Day,15,12,15,12,18,15,Beginning Sound Ma Ka La Marathi
2025-10-23,Day,5,4,5,4,5,4,Beginning Sound Ma Ka La Marathi
2025-10-24,Day,15,11,15,11,15,11,Beginning Sound Ma Ka La Marathi
2025-10-25,Day,16,10,16,10,16,10,Beginning Sound Ma Ka La Marathi
2025-10-26,Day,10,7,10,7,10,7,Beginning Sound Ma Ka La Marathi
2025-10-27,Day,19,13,19,13,21,14,Beginning Sound Ma Ka La Marathi
Week 8,Week,4648,2878,5109,3151,6064,3391,Beginning Sound Ma Ka La Marathi
Week 9,Week,677,463,746,504,830,533,Beginning Sound Ma Ka La Marathi
Week 10,Week,229,187,243,195,271,204,Beginning Sound Ma Ka La Marathi
Week 11,Week,472,381,516,416,549,432,Beginning Sound Ma Ka La Marathi
Week 12,Week,278,211,309,233,327,242,Beginning Sound Ma Ka La Marathi
Week 13,Week,237,182,261,201,286,211,Beginning Sound Ma Ka La Marathi
Week 14,Week,132,102,133,102,142,105,Beginning Sound Ma Ka La Marathi
Week 15,Week,855,682,940,737,1019,771,Beginning Sound Ma Ka La Marathi
Week 16,Week,127,95,131,97,144,103,Beginning Sound Ma Ka La Marathi
Week 17,Week,79,56,80,57,85,61,Beginning Sound Ma Ka La Marathi
August 2025,Month,5047,3156,5704,3539,6732,3801,Beginning Sound Ma Ka La Marathi
September 2025,Month,1245,993,1480,1161,1595,1212,Beginning Sound Ma Ka La Marathi
October 2025,Month,1149,906,1284,993,1390,1040,Beginning Sound Ma Ka La Marathi
2025-08-26,Day,65,48,62,48,95,68,Primary Emotion I
2025-08-27,Day,3773,2404,3782,2417,4730,2578,Primary Emotion I
2025-08-28,Day,2197,1412,2351,1486,2905,1579,Primary Emotion I
2025-08-29,Day,2697,1715,2779,1770,3370,1860,Primary Emotion I
2025-08-30,Day,1284,772,1337,799,1606,836,Primary Emotion I
2025-08-31,Day,476,265,508,279,639,306,Primary Emotion I
2025-09-01,Day,453,283,474,292,537,299,Primary Emotion I
2025-09-02,Day,213,138,217,140,255,151,Primary Emotion I
2025-09-03,Day,3,3,3,3,3,3,Primary Emotion I
Week 8,Week,65,48,62,48,95,68,Primary Emotion I
Week 9,Week,9198,6025,11448,7183,14042,7609,Primary Emotion I
Week 10,Week,3,3,3,3,3,3,Primary Emotion I
August 2025,Month,8822,5759,10819,6799,13345,7227,Primary Emotion I
September 2025,Month,654,418,694,435,795,453,Primary Emotion I
2025-08-26,Day,58,58,59,59,88,88,Primary Emotion II
2025-08-27,Day,273,273,283,283,320,320,Primary Emotion II
2025-08-28,Day,174,143,185,151,216,178,Primary Emotion II
2025-08-29,Day,175,137,185,144,227,171,Primary Emotion II
2025-08-30,Day,1876,1170,1883,1188,2242,1266,Primary Emotion II
2025-08-31,Day,1096,677,1142,700,1394,748,Primary Emotion II
2025-09-01,Day,4260,2590,4307,2617,5159,2739,Primary Emotion II
2025-09-02,Day,2311,1462,2406,1507,2951,1635,Primary Emotion II
2025-09-03,Day,17,18,15,16,40,41,Primary Emotion II
Week 8,Week,58,58,59,59,88,88,Primary Emotion II
Week 9,Week,8676,5643,10391,6590,12509,7057,Primary Emotion II
Week 10,Week,17,18,15,16,40,41,Primary Emotion II
August 2025,Month,3322,2267,3737,2525,4487,2771,Primary Emotion II
September 2025,Month,6275,3929,6728,4140,8150,4415,Primary Emotion II
2025-10-13,Day,7,5,7,5,8,6,Numerals 1-10
2025-10-14,Day,134,101,139,101,157,111,Numerals 1-10
2025-10-15,Day,101,76,113,85,144,103,Numerals 1-10
2025-10-16,Day,62,43,64,44,72,51,Numerals 1-10
2025-10-17,Day,45,41,46,41,48,42,Numerals 1-10
2025-10-18,Day,46,40,47,41,52,46,Numerals 1-10
2025-10-19,Day,31,26,31,26,39,31,Numerals 1-10
2025-10-20,Day,23,23,24,24,27,24,Numerals 1-10
2025-10-21,Day,26,19,26,19,30,20,Numerals 1-10
2025-10-22,Day,28,26,29,27,35,29,Numerals 1-10
2025-10-23,Day,25,22,25,22,32,27,Numerals 1-10
2025-10-24,Day,25,16,23,16,29,17,Numerals 1-10
2025-10-25,Day,26,21,27,22,33,24,Numerals 1-10
2025-10-26,Day,12,8,12,8,13,8,Numerals 1-10
2025-10-27,Day,23,17,24,17,28,17,Numerals 1-10
Week 9,Week,37,28,38,29,50,34,Numerals 1-10
Week 10,Week,6770,4503,7219,4800,8025,4940,Numerals 1-10
Week 11,Week,2264,1337,2399,1411,2627,1449,Numerals 1-10
Week 12,Week,513,341,573,376,624,398,Numerals 1-10
Week 13,Week,361,253,401,277,459,295,Numerals 1-10
Week 14,Week,764,588,849,644,966,688,Numerals 1-10
Week 15,Week,548,429,611,471,699,517,Numerals 1-10
Week 16,Week,309,245,351,280,412,317,Numerals 1-10
Week 17,Week,134,106,140,112,170,122,Numerals 1-10
September 2025,Month,9500,6186,10630,6893,11785,7116,Numerals 1-10
October 2025,Month,1642,1290,1951,1507,2247,1644,Numerals 1-10
2025-10-14,Day,61,46,62,46,65,48,Shape Rectangle
2025-10-15,Day,79,58,84,59,94,63,Shape Rectangle
2025-10-16,Day,32,25,33,26,37,28,Shape Rectangle
2025-10-17,Day,44,34,43,33,56,42,Shape Rectangle
2025-10-18,Day,36,29,36,29,41,31,Shape Rectangle
2025-10-19,Day,25,21,25,21,25,21,Shape Rectangle
2025-10-20,Day,23,19,25,20,26,20,Shape Rectangle
2025-10-21,Day,21,16,22,16,25,18,Shape Rectangle
2025-10-22,Day,22,18,23,18,24,19,Shape Rectangle
2025-10-23,Day,15,14,15,14,17,14,Shape Rectangle
2025-10-24,Day,24,19,25,20,29,21,Shape Rectangle
2025-10-25,Day,29,24,29,24,34,27,Shape Rectangle
2025-10-26,Day,11,9,11,9,12,10,Shape Rectangle
2025-10-27,Day,17,15,18,15,21,15,Shape Rectangle
Week 9,Week,80,67,78,68,94,77,Shape Rectangle
Week 10,Week,10527,6997,11506,7564,12849,7810,Shape Rectangle
Week 11,Week,499,367,535,392,587,406,Shape Rectangle
Week 12,Week,277,220,306,241,345,257,Shape Rectangle
Week 13,Week,261,208,283,217,320,231,Shape Rectangle
Week 14,Week,472,387,530,414,614,449,Shape Rectangle
Week 15,Week,332,248,377,263,431,285,Shape Rectangle
Week 16,Week,245,192,268,204,304,223,Shape Rectangle
Week 17,Week,115,98,121,100,137,106,Shape Rectangle
September 2025,Month,11344,7637,12708,8482,14195,8781,Shape Rectangle
October 2025,Month,1079,865,1296,981,1486,1063,Shape Rectangle
2025-10-09,Day,23,9,17,9,34,9,Numerals 1-10 Child
2025-10-10,Day,6,2,5,2,11,2,Numerals 1-10 Child
2025-10-11,Day,1,0,1,0,1,0,Numerals 1-10 Child
2025-10-13,Day,18,6,8,5,40,8,Numerals 1-10 Child
2025-10-14,Day,29,8,19,8,30,8,Numerals 1-10 Child
2025-10-15,Day,7,2,6,2,12,3,Numerals 1-10 Child
2025-10-16,Day,3,1,3,1,9,1,Numerals 1-10 Child
2025-10-21,Day,12,10,6,6,17,10,Numerals 1-10 Child
2025-10-22,Day,6,4,4,3,6,4,Numerals 1-10 Child
2025-10-23,Day,6,4,5,3,13,4,Numerals 1-10 Child
Week 9,Week,3,2,2,2,6,2,Numerals 1-10 Child
Week 10,Week,6987,5263,7225,5393,7969,5516,Numerals 1-10 Child
Week 11,Week,270,169,272,172,304,179,Numerals 1-10 Child
Week 12,Week,15,9,16,10,22,11,Numerals 1-10 Child
Week 13,Week,8,7,10,9,11,10,Numerals 1-10 Child
Week 14,Week,7,5,9,6,10,7,Numerals 1-10 Child
Week 15,Week,79,26,51,25,121,28,Numerals 1-10 Child
Week 16,Week,21,12,15,9,38,14,Numerals 1-10 Child
Week 17,Week,12,8,9,6,19,8,Numerals 1-10 Child
September 2025,Month,7241,5429,7525,5586,8312,5718,Numerals 1-10 Child
October 2025,Month,117,49,84,46,188,57,Numerals 1-10 Child
2025-10-13,Day,1,1,1,1,1,1,Beginning Sound Pa Cha Sa Hindi
2025-10-14,Day,23,18,23,18,25,19,Beginning Sound Pa Cha Sa Hindi
2025-10-15,Day,15,10,15,10,16,10,Beginning Sound Pa Cha Sa Hindi
2025-10-16,Day,10,6,11,6,11,6,Beginning Sound Pa Cha Sa Hindi
2025-10-17,Day,13,12,14,13,14,13,Beginning Sound Pa Cha Sa Hindi
2025-10-18,Day,15,8,15,8,17,8,Beginning Sound Pa Cha Sa Hindi
2025-10-19,Day,5,3,5,3,6,4,Beginning Sound Pa Cha Sa Hindi
2025-10-20,Day,7,3,7,3,7,3,Beginning Sound Pa Cha Sa Hindi
2025-10-21,Day,3,2,3,2,3,2,Beginning Sound Pa Cha Sa Hindi
2025-10-22,Day,6,2,6,2,6,2,Beginning Sound Pa Cha Sa Hindi
2025-10-23,Day,6,4,6,4,8,6,Beginning Sound Pa Cha Sa Hindi
2025-10-24,Day,4,4,4,4,6,5,Beginning Sound Pa Cha Sa Hindi
2025-10-25,Day,5,5,5,5,6,5,Beginning Sound Pa Cha Sa Hindi
2025-10-26,Day,4,2,4,2,4,2,Beginning Sound Pa Cha Sa Hindi
2025-10-27,Day,2,2,2,2,3,2,Beginning Sound Pa Cha Sa Hindi
Week 10,Week,129,111,137,118,167,133,Beginning Sound Pa Cha Sa Hindi
Week 11,Week,4975,3014,5513,3266,6522,3387,Beginning Sound Pa Cha Sa Hindi
Week 12,Week,140,103,149,108,166,110,Beginning Sound Pa Cha Sa Hindi
Week 13,Week,132,103,137,106,158,119,Beginning Sound Pa Cha Sa Hindi
Week 14,Week,112,86,123,90,132,93,Beginning Sound Pa Cha Sa Hindi
Week 15,Week,93,69,107,77,125,84,Beginning Sound Pa Cha Sa Hindi
Week 16,Week,65,43,70,45,74,46,Beginning Sound Pa Cha Sa Hindi
Week 17,Week,26,19,27,19,33,22,Beginning Sound Pa Cha Sa Hindi
September 2025,Month,5209,3214,5936,3598,7013,3749,Beginning Sound Pa Cha Sa Hindi
October 2025,Month,278,209,327,231,364,245,Beginning Sound Pa Cha Sa Hindi
2025-10-13,Day,1,0,1,0,1,0,Beginning Sound Pa Cha Sa Marathi
2025-10-14,Day,75,45,75,45,79,48,Beginning Sound Pa Cha Sa Marathi
2025-10-15,Day,55,37,55,37,62,42,Beginning Sound Pa Cha Sa Marathi
2025-10-16,Day,28,17,28,17,32,18,Beginning Sound Pa Cha Sa Marathi
2025-10-17,Day,21,12,21,12,25,13,Beginning Sound Pa Cha Sa Marathi
2025-10-18,Day,18,10,18,10,18,10,Beginning Sound Pa Cha Sa Marathi
2025-10-19,Day,14,10,14,10,15,10,Beginning Sound Pa Cha Sa Marathi
2025-10-20,Day,15,9,16,10,19,11,Beginning Sound Pa Cha Sa Marathi
2025-10-21,Day,4,2,4,2,4,2,Beginning Sound Pa Cha Sa Marathi
2025-10-22,Day,13,9,13,9,15,10,Beginning Sound Pa Cha Sa Marathi
2025-10-23,Day,5,5,5,5,5,5,Beginning Sound Pa Cha Sa Marathi
2025-10-24,Day,16,9,16,9,18,9,Beginning Sound Pa Cha Sa Marathi
2025-10-25,Day,7,7,7,7,7,7,Beginning Sound Pa Cha Sa Marathi
2025-10-26,Day,5,3,5,3,5,3,Beginning Sound Pa Cha Sa Marathi
2025-10-27,Day,14,10,14,10,16,10,Beginning Sound Pa Cha Sa Marathi
Week 10,Week,6,1,6,1,8,1,Beginning Sound Pa Cha Sa Marathi
Week 11,Week,9087,5026,10097,5462,12412,5637,Beginning Sound Pa Cha Sa Marathi
Week 12,Week,292,195,306,207,345,216,Beginning Sound Pa Cha Sa Marathi
Week 13,Week,224,173,246,184,274,197,Beginning Sound Pa Cha Sa Marathi
Week 14,Week,219,143,247,160,276,172,Beginning Sound Pa Cha Sa Marathi
Week 15,Week,239,170,253,178,279,191,Beginning Sound Pa Cha Sa Marathi
Week 16,Week,152,96,156,98,175,106,Beginning Sound Pa Cha Sa Marathi
Week 17,Week,57,40,60,43,66,44,Beginning Sound Pa Cha Sa Marathi
September 2025,Month,9416,5259,10655,5854,13039,6051,Beginning Sound Pa Cha Sa Marathi
October 2025,Month,635,429,716,479,796,513,Beginning Sound Pa Cha Sa Marathi
2025-10-13,Day,7,6,7,6,8,7,Common Shapes
2025-10-14,Day,143,95,146,97,161,107,Common Shapes
2025-10-15,Day,107,75,110,76,124,84,Common Shapes
2025-10-16,Day,67,43,71,43,83,47,Common Shapes
2025-10-17,Day,39,29,41,30,49,35,Common Shapes
2025-10-18,Day,33,21,35,22,37,22,Common Shapes
2025-10-19,Day,23,19,23,19,23,19,Common Shapes
2025-10-20,Day,28,20,29,20,34,22,Common Shapes
2025-10-21,Day,15,8,16,8,20,9,Common Shapes
2025-10-22,Day,19,17,19,17,21,17,Common Shapes
2025-10-23,Day,14,12,14,12,16,12,Common Shapes
2025-10-24,Day,19,9,19,9,19,9,Common Shapes
2025-10-25,Day,14,14,15,15,17,15,Common Shapes
2025-10-26,Day,11,8,11,8,11,8,Common Shapes
2025-10-27,Day,7,2,7,2,7,2,Common Shapes
Week 11,Week,693,511,936,663,1145,763,Common Shapes
Week 12,Week,1078,886,1349,1076,1632,1175,Common Shapes
Week 13,Week,242,184,283,212,329,229,Common Shapes
Week 14,Week,660,504,781,578,928,636,Common Shapes
Week 15,Week,452,328,493,355,552,386,Common Shapes
Week 16,Week,285,198,325,218,370,238,Common Shapes
Week 17,Week,76,57,85,63,91,63,Common Shapes
September 2025,Month,1735,1384,2568,1951,3106,2167,Common Shapes
October 2025,Month,1360,1008,1684,1214,1941,1323,Common Shapes
2025-10-13,Day,13,10,13,10,13,10,Primary Colors
2025-10-14,Day,232,179,239,183,275,197,Primary Colors
2025-10-15,Day,214,156,220,158,254,172,Primary Colors
2025-10-16,Day,108,83,113,85,132,95,Primary Colors
2025-10-17,Day,93,73,94,74,110,82,Primary Colors
2025-10-18,Day,98,76,105,79,130,85,Primary Colors
2025-10-19,Day,74,62,80,66,103,79,Primary Colors
2025-10-20,Day,72,56,74,56,92,66,Primary Colors
2025-10-21,Day,80,61,89,63,109,74,Primary Colors
2025-10-22,Day,78,62,82,62,96,66,Primary Colors
2025-10-23,Day,68,52,71,52,83,54,Primary Colors
2025-10-24,Day,78,63,80,64,97,74,Primary Colors
2025-10-25,Day,52,41,53,42,60,44,Primary Colors
2025-10-26,Day,47,34,50,36,59,39,Primary Colors
2025-10-27,Day,50,35,51,36,59,41,Primary Colors
Week 11,Week,367,264,451,317,518,344,Primary Colors
Week 12,Week,11500,7816,13351,8963,15575,9381,Primary Colors
Week 13,Week,1763,1236,2129,1507,2535,1655,Primary Colors
Week 14,Week,1490,1206,1955,1531,2281,1668,Primary Colors
Week 15,Week,906,716,1181,900,1393,999,Primary Colors
Week 16,Week,571,448,775,581,930,653,Primary Colors
Week 17,Week,289,234,387,292,454,318,Primary Colors
September 2025,Month,12872,8794,15931,10787,18628,11380,Primary Colors
October 2025,Month,2627,2102,4298,3304,5058,3638,Primary Colors
2025-10-13,Day,18,13,17,13,23,15,All Games
2025-10-14,Day,1338,824,1395,850,2009,1130,All Games
2025-10-15,Day,1954,1032,2056,1067,2911,1376,All Games
2025-10-16,Day,1240,660,1318,677,1898,866,All Games
2025-10-17,Day,1804,857,1861,864,2579,1061,All Games
2025-10-18,Day,1539,752,1617,768,2236,946,All Games
2025-10-19,Day,879,470,919,483,1351,644,All Games
2025-10-20,Day,1135,538,1194,551,1700,688,All Games
2025-10-21,Day,1101,514,1156,517,1664,648,All Games
2025-10-22,Day,1349,639,1397,644,1905,778,All Games
2025-10-23,Day,895,452,925,455,1279,574,All Games
2025-10-24,Day,1419,636,1472,640,2059,775,All Games
2025-10-25,Day,1280,573,1334,581,1817,698,All Games
2025-10-26,Day,732,359,761,360,1029,430,All Games
2025-10-27,Day,1067,502,1116,510,1553,621,All Games
Week 1,Week,16413,5558,17702,6624,32380,11039,All Games
Week 2,Week,19978,9841,25887,13722,48619,21276,All Games
Week 3,Week,22994,13117,32447,18588,60138,29571,All Games
Week 4,Week,24567,14603,41834,22836,89587,43547,All Games
Week 5,Week,30413,17616,34820,21849,73192,39590,All Games
Week 6,Week,21565,12838,28846,17478,57800,31467,All Games
Week 7,Week,24186,13832,36814,20571,70460,35978,All Games
Week 8,Week,20271,12099,28926,17202,57603,31132,All Games
Week 9,Week,17018,10825,24594,15298,46061,25469,All Games
Week 10,Week,21363,14165,31217,19910,40611,22382,All Games
Week 11,Week,23005,12537,35124,17647,49352,21138,All Games
Week 12,Week,23101,14966,37463,22505,54477,27391,All Games
Week 13,Week,15215,8253,23891,12144,34564,15259,All Games
Week 14,Week,5938,3800,8954,5545,12386,7032,All Games
Week 15,Week,12590,8023,17005,10664,23630,13659,All Games
Week 16,Week,6153,3406,10121,4927,14339,6229,All Games
Week 17,Week,4534,2342,7005,3190,9642,3876,All Games
July 2025,Month,63494,33108,128347,68707,253732,118183,All Games
August 2025,Month,69910,40111,135403,80481,267258,142707,All Games
September 2025,Month,55074,33647,135815,77186,193854,94349,All Games
October 2025,Month,20871,12919,43085,24326,59997,30796,All Games
